<ImportExportXml version="9.2.24051.184" SolutionPackageVersion="9.2" languagecode="1036" generatedBy="CrmLive" xmlns:xsi="http://www.w3.org/2001/XMLSchema-instance">
  <SolutionManifest>
    <UniqueName>Mylife365</UniqueName>
    <LocalizedNames>
      <LocalizedName description="Mylife365" languagecode="1036" />
    </LocalizedNames>
    <Descriptions />
    <Version>1.0.0.22</Version>
    <Managed>0</Managed>
    <Publisher>
      <UniqueName>Nuage365</UniqueName>
      <LocalizedNames>
        <LocalizedName description="Nuage365" languagecode="1036" />
      </LocalizedNames>
      <Descriptions />
      <EMailAddress xsi:nil="true"></EMailAddress>
      <SupportingWebsiteUrl xsi:nil="true"></SupportingWebsiteUrl>
      <CustomizationPrefix>nuage365</CustomizationPrefix>
      <CustomizationOptionValuePrefix>84662</CustomizationOptionValuePrefix>
      <Addresses>
        <Address>
          <AddressNumber>1</AddressNumber>
          <AddressTypeCode>1</AddressTypeCode>
          <City xsi:nil="true"></City>
          <County xsi:nil="true"></County>
          <Country xsi:nil="true"></Country>
          <Fax xsi:nil="true"></Fax>
          <FreightTermsCode xsi:nil="true"></FreightTermsCode>
          <ImportSequenceNumber xsi:nil="true"></ImportSequenceNumber>
          <Latitude xsi:nil="true"></Latitude>
          <Line1 xsi:nil="true"></Line1>
          <Line2 xsi:nil="true"></Line2>
          <Line3 xsi:nil="true"></Line3>
          <Longitude xsi:nil="true"></Longitude>
          <Name xsi:nil="true"></Name>
          <PostalCode xsi:nil="true"></PostalCode>
          <PostOfficeBox xsi:nil="true"></PostOfficeBox>
          <PrimaryContactName xsi:nil="true"></PrimaryContactName>
          <ShippingMethodCode>1</ShippingMethodCode>
          <StateOrProvince xsi:nil="true"></StateOrProvince>
          <Telephone1 xsi:nil="true"></Telephone1>
          <Telephone2 xsi:nil="true"></Telephone2>
          <Telephone3 xsi:nil="true"></Telephone3>
          <TimeZoneRuleVersionNumber xsi:nil="true"></TimeZoneRuleVersionNumber>
          <UPSZone xsi:nil="true"></UPSZone>
          <UTCOffset xsi:nil="true"></UTCOffset>
          <UTCConversionTimeZoneCode xsi:nil="true"></UTCConversionTimeZoneCode>
        </Address>
        <Address>
          <AddressNumber>2</AddressNumber>
          <AddressTypeCode>1</AddressTypeCode>
          <City xsi:nil="true"></City>
          <County xsi:nil="true"></County>
          <Country xsi:nil="true"></Country>
          <Fax xsi:nil="true"></Fax>
          <FreightTermsCode xsi:nil="true"></FreightTermsCode>
          <ImportSequenceNumber xsi:nil="true"></ImportSequenceNumber>
          <Latitude xsi:nil="true"></Latitude>
          <Line1 xsi:nil="true"></Line1>
          <Line2 xsi:nil="true"></Line2>
          <Line3 xsi:nil="true"></Line3>
          <Longitude xsi:nil="true"></Longitude>
          <Name xsi:nil="true"></Name>
          <PostalCode xsi:nil="true"></PostalCode>
          <PostOfficeBox xsi:nil="true"></PostOfficeBox>
          <PrimaryContactName xsi:nil="true"></PrimaryContactName>
          <ShippingMethodCode>1</ShippingMethodCode>
          <StateOrProvince xsi:nil="true"></StateOrProvince>
          <Telephone1 xsi:nil="true"></Telephone1>
          <Telephone2 xsi:nil="true"></Telephone2>
          <Telephone3 xsi:nil="true"></Telephone3>
          <TimeZoneRuleVersionNumber xsi:nil="true"></TimeZoneRuleVersionNumber>
          <UPSZone xsi:nil="true"></UPSZone>
          <UTCOffset xsi:nil="true"></UTCOffset>
          <UTCConversionTimeZoneCode xsi:nil="true"></UTCConversionTimeZoneCode>
        </Address>
      </Addresses>
    </Publisher>
    <RootComponents>
      <RootComponent type="1" schemaName="nuage365_activitesettaches" behavior="0" />
      <RootComponent type="1" schemaName="nuage365_aliment" behavior="0" />
      <RootComponent type="1" schemaName="nuage365_categoriealiment" behavior="0" />
      <RootComponent type="1" schemaName="nuage365_constantesphysiques" behavior="0" />
      <RootComponent type="1" schemaName="nuage365_entite" behavior="0" />
      <RootComponent type="1" schemaName="nuage365_habitudedevie" behavior="0" />
      <RootComponent type="1" schemaName="nuage365_journalhabitudesdevie" behavior="0" />
      <RootComponent type="1" schemaName="nuage365_menu" behavior="0" />
      <RootComponent type="1" schemaName="nuage365_unitedemesure" behavior="0" />
      <RootComponent type="9" schemaName="nuage365_emotion" behavior="0" />
      <RootComponent type="9" schemaName="nuage365_habitudesdevie" behavior="0" />
      <RootComponent type="9" schemaName="nuage365_humeur" behavior="0" />
      <RootComponent type="9" schemaName="nuage365_periodemenu" behavior="0" />
      <RootComponent type="9" schemaName="nuage365_typeactivitesettaches" behavior="0" />
      <RootComponent type="9" schemaName="nuage365_typeentite" behavior="0" />
      <RootComponent type="60" id="{31d5e8bd-23ce-ee11-904d-6045bd5e3464}" behavior="0" />
      <RootComponent type="60" id="{4f7fa7ac-dbd4-ee11-904c-6045bd60a7a2}" behavior="0" />
      <RootComponent type="61" schemaName="nuage365_imgactivite" behavior="0" />
      <RootComponent type="61" schemaName="nuage365_imgaliment" behavior="0" />
      <RootComponent type="61" schemaName="nuage365_imgcategoriealiment" behavior="0" />
      <RootComponent type="61" schemaName="nuage365_imgconstantes" behavior="0" />
      <RootComponent type="61" schemaName="nuage365_imgentite" behavior="0" />
      <RootComponent type="61" schemaName="nuage365_imghabitude" behavior="0" />
      <RootComponent type="61" schemaName="nuage365_imgjournalhab" behavior="0" />
      <RootComponent type="61" schemaName="nuage365_imgmenu" behavior="0" />
      <RootComponent type="61" schemaName="nuage365_imgunitemesure" behavior="0" />
      <RootComponent type="62" schemaName="nuage365_Mylife365" behavior="0" />
      <RootComponent type="80" schemaName="nuage365_Mylife365" behavior="0" />
    </RootComponents>
    <MissingDependencies>
      <MissingDependency>
        <Required type="61" schemaName="msdyn_/Images/AppModule_Default_Icon.png" displayName="msdyn_/Images/AppModule_Default_Icon.png" solution="AppModuleWebResources (2.5)" />
        <Dependent type="80" schemaName="nuage365_Mylife365" displayName="Mylife365" />
      </MissingDependency>
      <MissingDependency>
        <Required type="66" schemaName="MscrmControls.ActivityCalendarControl.ActivityCalendarControl" displayName="MscrmControls.ActivityCalendarControl.ActivityCalendarControl" solution="msdyn_UCICalendar (1.0.0.3687)" />
        <Dependent type="26" schemaName="Vue Calendrier" displayName="Vue Calendrier" parentSchemaName="nuage365_activitesettaches" parentDisplayName="Activités et Tâches" id="{833a7029-0280-ee11-8179-0022483cbd89}" />
      </MissingDependency>
      <MissingDependency>
        <Required type="66" schemaName="MscrmControls.Grid.GridControl" displayName="MscrmControls.Grid.GridControl" solution="BaseCustomControlsCore (9.0.2405.1017)" />
        <Dependent type="60" displayName="Activités et Tâches main form" parentDisplayName="Activités et Tâches" id="{6f19a338-62d3-ee11-904c-6045bd60a7a2}" />
      </MissingDependency>
      <MissingDependency>
        <Required type="66" schemaName="MscrmControls.Sales.AppExtensions.KanBanView" displayName="MscrmControls.Sales.AppExtensions.KanBanView" solution="msdynce_SalesPatch202001 (9.0.24045.10004)">
          <package>msdynce_SalesAnchor (9.0.24045.10004)</package>
        </Required>
        <Dependent type="26" schemaName="Tou(te)s les Activités et Tâches" displayName="Tou(te)s les Activités et Tâches" parentSchemaName="nuage365_activitesettaches" parentDisplayName="Activités et Tâches" id="{54219938-94d5-48f1-be2e-ff0a2f23aeff}" />
      </MissingDependency>
    </MissingDependencies>
  </SolutionManifest>
</ImportExportXml>